{
    "0"  : ["Weapon Set 1", "false" ],
    "1"  : ["Weapon Set 2", "false" ],
    "2"  : ["Weapon Set 3", "false" ],
    "3"  : ["Health Armor 250k", "false" ],
    "4"  : ["Wanted Level 2 Stars", "false" ],
    "5"  : ["Clear Wanted Level", "false" ],
    "6"  : ["Sunny Weather", "false" ],
    "7"  : ["Very Sunny Weather", "false" ],
    "8"  : ["Overcast Weather", "false" ],
    "9"  : ["Rainy Weather", "false" ],
    "10" : ["Foggy Weather", "false" ],
    "11" : ["Faster Clock", "true" ],
    "12" : ["Faster Gameplay", "false" ],
    "13" : ["Slower Gameplay", "false" ],
    "14" : ["Peds Attack Other With Golfclub", "true" ],
    "15" : ["Have A Bounty On Your Head", "false" ],
    "16" : ["Everyone Armed", "true" ],
    "17" : ["Spawn Rhino", "false" ],
    "18" : ["Spawn Bloodring Banger", "false" ],
    "19" : ["Spawn Rancher", "false" ],
    "20" : ["Spawn HotringA", "false" ],
    "21" : ["Spawn HotringB", "false" ],
    "22" : ["Spawn Romero", "false" ],
    "23" : ["Spawn Stretch", "false" ],
    "24" : ["Spawn Trashmaster", "false" ],
    "25" : ["Spawn Caddy", "false" ],
    "26" : ["Blow Up All Cars", "false" ],
    "27" : ["Invisible Car", "true" ],
    "28" : ["Perfect Handling", "true" ],
    "29" : ["Suicide", "false" ],
    "30" : ["Green Lights Cheat", "true" ],
    "31" : ["Aggressive Drivers", "true" ],
    "32" : ["Pink Traffic", "false" ],
    "33" : ["Black Traffic", "false" ],
    "34" : ["Cars On Water", "true" ],
    "35" : ["Boats Fly", "true" ],
    "36" : ["Fat Player", "false" ],
    "37" : ["Max Muscle", "false" ],
    "38" : ["Skinny Player", "false" ],
    "39" : ["Elvis Is Everywhere", "true" ],
    "40" : ["Peds Attack You With Rockets", "true" ],
    "41" : ["Beach Party", "false" ],
    "42" : ["Gang Members Everywhere", "true" ],
    "43" : ["Gangs Controls The Streets", "true" ],
    "44" : ["Ninja Theme", "false" ],
    "45" : ["Slut Magnet", "true" ],
    "46" : ["Cheap Traffic", "false" ],
    "47" : ["Fast Traffic", "false" ],
    "48" : ["Cars Fly", "true" ],
    "49" : ["Huge Bunny Hop", "true" ],
    "50" : ["Spawn Hydra", "false" ],
    "51" : ["Spawn Vortex", "false" ],
    "52" : ["Smash N Boom", "false" ],
    "53" : ["All Cars Have Nitro", "true" ],
    "54" : ["Cars Float Away When Hit", "true" ],
    "55" : ["Always Midnight", "true" ],
    "56" : ["Stop Game Clock Orange Sky", "true" ],
    "57" : ["Thunder Storm", "false" ],
    "58" : ["Sand Storm", "false" ],
    "59" : ["Unused", "false" ],
    "60" : ["Mega Jump", "true" ],
    "61" : ["Infinite Health", "true" ],
    "62" : ["Infinite Oxygen", "true" ],
    "63" : ["Get Parachute", "false" ],
    "64" : ["Get Jetpack", "false" ],
    "65" : ["I Do As I Please", "false" ],
    "66" : ["Six Wanted Stars", "false" ],
    "67" : ["Mega Punch", "true" ],
    "68" : ["Never Get Hungry", "true" ],
    "69" : ["Riot Mode", "true" ],
    "70" : ["Funhouse Theme", "false" ],
    "71" : ["Adrenaline Mode", "true" ],
    "72" : ["Infinite Ammo", "false" ],
    "73" : ["Weapon Aiming While Driving", "true" ],
    "74" : ["Reduced Traffic", "true" ],
    "75" : ["Country Traffic", "true" ],
    "76" : ["Wanna Be In My Gang", "true" ],
    "77" : ["No One Can Stop Us", "true" ],
    "78" : ["Rocket Mayhem", "true" ],
    "79" : ["Max Respect", "false" ],
    "80" : ["Max Sex Appeal", "false" ],
    "81" : ["Max Stamina", "false" ],
    "82" : ["Hitman Level For All Weapons", "false" ],
    "83" : ["Max Driving Skills", "false" ],
    "84" : ["Spawn Hunter", "false" ],
    "85" : ["Spawn Quad", "false" ],
    "86" : ["Spawn Tanker Truck", "false" ],
    "87" : ["Spawn Dozer", "false" ],
    "88" : ["Spawn Stunt Plane", "false" ],
    "89" : ["Spawn Monster", "false" ],
    "90" : ["Prostitutes Pay You", "true" ],
    "91" : ["All Taxis Nitro","true" ]
}