{
  "byte$Peds attack with rockets": "0x969158",
  "byte$All Taxis Have Nitro": "0x96918B",
  "byte$Suicide": "0x96914D",
  "byte$Hud Mode": "0xBA6769",
  "byte$Spawn Rhino (Not Tested!)": "0x969141",
  "float$M4": "0xB794B8",
  "byte$Buffer of 30 last typed chars, earlier typed chars are on next bytes.": "0x969110",
  "byte$Spawn Bloodring Banger (Not Tested!)": "0x969142",
  "byte$Overcast Weather": "0x969138",
  "float$Pistol": "0xB79494",
  "float$Combat shotgun": "0xB794A8",
  "byte$Slut Magnet": "0x96915D",
  "byte$Recruit Anyone (9mm)": "0x96917C",
  "dword$Timer for firefighter missions (in ms)": "0xA519BC",
  "float$Respect": "0xB79480",
  "float$Health": "0xB793E0",
  "byte$Infinite Oxygen": "0x96916E",
  "float$Draw Distance": "0xBA6788",
  "byte$Huge Bunny Hop": "0x969161",
  "unknown$array of pointers to RwTexture, corresponding to opcode 038F": "0xA94B68",
  "float$Change solid clouds": "0x716642",
  "byte$Steer with mouse": "0xC1CC02",
  "byte$Max Sex Appeal": "0x969180",
  "byte$Horseshoes number (4 bytes)": "0xB791E4",
  "byte$Beach Theme": "0x969159",
  "byte$Mega Jump": "0x96916C",
  "byte$Store gallery photos": "0xBA6830",
  "dword$Timer for taxi driver missions (in ms)": "0xA5197C",
  "byte$Photographs taken number (4 bytes)": "0xB790B8",
  "float$Disable solid clouds": "0x716655",
  "unknown$Current number of girlfriends": "0xB79100",
  "byte$Radar Mode": "0xBA676C",
  "dword$Timer for vigilante missions (in ms)": "0xA519D8",
  "byte$Is paynspray free": "0x96C009",
  "dword$Tip Bar timer for taxi driver missions (in seconds)": "0xA51980",
  "byte$Fly with mouse": "0xC1CC03",
  "dword$Money": "0xB7CE50",
  "float$AK47": "0xB794B4",
  "float$Fat": "0xB793D4",
  "byte$Thunderstorm": "0x969169",
  "dword$Barbara Progress": "0xA49F08",
  "byte$Weapon Set 2": "0x969131",
  "byte$Weapon Set 3": "0x969132",
  "byte$Peds Attack Each other with Golfclub": "0x96913E",
  "byte$Safehouse visits number (4 bytes)": "0xB79040",
  "byte$Is radar greyed out": "0xA444A4",
  "byte$All cars have nitro": "0x969165",
  "byte$Spawn Stunt Plane (Not Tested!)": "0x969188",
  "dword$Lung capacity": "0xB791A4",
  "byte$Decreased Traffic": "0x96917A",
  "byte$Have Bounty on Head": "0x96913F",
  "byte$Boats Can Fly": "0x969153",
  "unknown$Dancing minigame score": "0xA4EC20",
  "byte$Funhouse Theme": "0x969176",
  "byte$Traffic is Fast Cars": "0x96915F",
  "float$Silenced pistol": "0xB79498",
  "byte$Legend": "0xBA6792",
  "float$SMG": "0xB794B0",
  "byte$Spawn Hunter (Not Tested!)": "0x969184",
  "byte$Current Weekday (1 through 7)": "0xB7014E",
  "byte$Spawn Racecar A (Not Tested!)": "0x969144",
  "byte$Oysters number (4 bytes)": "0xB791EC",
  "byte$Spawn Romero (Not Tested!)": "0x969146",
  "byte$Max Muscle": "0x969155",
  "byte$Widescreen": "0xBA6793",
  "unknown$Unique jumps found number": "0xB79060",
  "dword$Flying": "0xB7919C",
  "byte$Mega Punch": "0x969173",
  "byte$Tags number (4 bytes)": "0xA9AD74",
  "byte$Mip Mapping": "0xBA680C",
  "float$Desert eagle": "0xB7949C",
  "dword$Bike": "0xB791B4",
  "byte$Spawn Tanker Truck (Not Tested!)": "0x969186",
  "float$Stamina": "0xB793D8",
  "dword$Timer related to weather and time in ms": "0xB70158",
  "dword$Millie Progress": "0xA49F10",
  "byte$Is player fireproof": "0xB7CEE6",
  "byte$Cars can Fly": "0x969160",
  "byte$Blow up All Cars": "0x96914A",
  "byte$Increase Wanted Level 2 Stars": "0x969134",
  "unknown$Number of successful dates": "0xB79110",
  "unknown$Number of girls dated": "0xB79108",
  "byte$CJ is Fat": "0x969154",
  "byte$Gang Members everywhere": "0x96915A",
  "byte$Wheels Only (Invisible Cars)": "0x96914B",
  "byte$Peds Riot (Chaos Mode)": "0x969175",
  "byte$Game freezes like when in menu:": "0xB7CB49",
  "unknown$Timer for Bloodring race": "0xA51A3C",
  "float$Machine pistol": "0xB794AC",
  "dword$Defines how many ms (1 second... default 1000, set to 1 for a headache, number of ms per sec)": "0xB7015C",
  "byte$Spawn Quad (Not Tested!)": "0x969185",
  "dword$Cycling": "0xB791B8",
  "byte$Aggressive Drivers": "0x96914F",
  "byte$Slower Gameplay": "0x969177",
  "dword$A global timer in ms (while not in menu, read/write)": "0xB7CB84",
  "byte$Six Star Wanted Level": "0x969172",
  "byte$Rainy Weather": "0x969139",
  "byte$SFX Volume [0 through 64]": "0xBA6797",
  "byte$Faster Gameplay": "0x96913C",
  "byte$Infinite Ammo, No Reload": "0x969178",
  "byte$Sunny Weather": "0x969136",
  "float$Shotgun": "0xB794A0",
  "byte$Pink Traffic": "0x969150",
  "byte$Radio Equalizer": "0xBA6799",
  "byte$Ninja Theme": "0x96915C",
  "byte$Get Parachute": "0x96916F",
  "float$Sawn-off shotgun": "0xB794A4",
  "byte$Traffic is Cheap Cars": "0x96915E",
  "dword$Helena Progress": "0xA49F04",
  "dword$Denise Progress": "0xA49EFC",
  "byte$Controller Configuration values:": "0xBA6818",
  "float$Sex Appeal": "0xB793E4",
  "byte$Very Sunny Weather": "0x969137",
  "dword$Luck at gambling": "0xB791C4",
  "byte$Stop Game Clock - Orange Sky": "0x969168",
  "byte$Visual FX Quality": "0xA9AE54",
  "byte$Everyone is Armed": "0x969140",
  "byte$Spawn Rancher (Not Tested!)": "0x969143",
  "byte$Spawn Vortex Hovercraft (Not Tested!)": "0x969163",
  "byte$Frame limiter": "0xBA6794",
  "byte$Get Jetpack": "0x969170",
  "byte$Subtitles": "0xBA678C",
  "byte$Foggy Weather": "0x96913A",
  "byte$Max Stamina": "0x969181",
  "float$Gambling": "0xB794C4",
  "dword$Timer for boat/bike missions (in ms)": "0xA51974",
  "float$Muscle": "0xB793DC",
  "byte$People dropped off in taxi (number used for giving your reward, 4 bytes)": "0xA49C30",
  "byte$Faster Clock": "0x96913B",
  "float$Game speed in percent": "0xB7CB64",
  "unknown$Map target:": "0xBA6774",
  "byte$Is infinite run": "0xB7CEE4",
  "dword$Timer for paramedic missions (in ms)": "0xA519A8",
  "dword$Driving": "0xB790A0",
  "byte$Current Hour": "0xB70153",
  "byte$Cars can drive on water": "0x969152",
  "dword$Mission timer from a number to 0 (4 bytes)": "0xA5153C",
  "dword$A global timer in ms (read only)": "0xB610E0",
  "byte$Radio Auto-tune": "0xBA6795",
  "byte$Country Theme": "0x96917B",
  "byte$Menu show:": "0xB7CB49",
  "byte$Gangs control the streets": "0x96915B",
  "byte$Tank Mode / Smash'n Boom": "0x969164",
  "dword$Max wanted level": "0x8CDEE4",
  "byte$Never Wanted": "0x969171",
  "unknown$List of valid command names": "0x86329C",
  "unknown$Unique jumps done number": "0xB79064",
  "byte$Elvis Everywhere": "0x969157",
  "dword$Katie Progress": "0xA49F0C",
  "byte$Current Radiostation-ID": "0x8CB7A5",
  "byte$Spawn Hydra (Not Tested!)": "0x969162",
  "byte$Radio Volume [0 through 64]": "0xBA6798",
  "dword$Michelle Progress": "0xA49F00",
  "dword$Current Car ID (from vehicles.ide) - not for bikes": "0xB700F0",
  "byte$CJ is Skinny": "0x969156",
  "byte$Usertrack/Play mode values:": "0xBA67F8",
  "unknown$Beginning of ZoneInfo structure": "0xBA3798",
  "byte$Spawn Stretch (Not Tested!)": "0x969147",
  "float$Pedestrian density multiplier": "0x8D2530",
  "unknown$A pointer to the main game window handle (typically 0xC8CF88 since the pointer is static).": "0xC17054",
  "byte$All Green Lights": "0x96914E",
  "unknown$REAL aiming mode offset, not menu:": "0xB6EC2E",
  "byte$Weapon Set 1": "0x969130",
  "float$Wanted Level": "0xBAA420",
  "unknown$Beginning of ZonePop structure": "0xBA1DF0",
  "dword$How many days have passed in game": "0xB79038",
  "byte$Cars Float Away when hit": "0x969166",
  "byte$Radio Station ID values:": "0xBA679A",
  "byte$Spawn Racecar B (Not Tested!)": "0x969145",
  "byte$Recruit Anyone (Rockets)": "0x96917E",
  "float$Mouse sensitivity": "0xB6EC1C",
  "byte$Current Minute": "0xB70152",
  "byte$Widescreen (the view that is displayed during cutscenes, not the display option)": "0xB6F065",
  "unknown$Number of disastrous dates": "0xB79104",
  "byte$Perfect / Insane Handling": "0x96914C",
  "byte$Spawn Monster (Not Tested!)": "0x969189",
  "byte$Infinite Health": "0x96916D",
  "byte$Max Respect": "0x96917F",
  "byte$Health+Armor+250K": "0x969133",
  "byte$Current blur level": "0x8D5104",
  "byte$Black Traffic": "0x969151",
  "byte$Hitman in All Weapons": "0x969183",
  "unknown$Lowrider Challenge score": "0xA4A948",
  "byte$Recruit Anyone (AK47)": "0x96917D",
  "float$Vehicle density multiplier": "0x8A5B20",
  "dword$Brightness": "0xBA6784",
  "byte$Full Weapon Aiming while driving": "0x969179",
  "dword$Timer for driving/flying missions (in ms)": "0xA49D54",
  "byte$Usertrack/Automatic Media Scan": "0xBA680D",
  "byte$Always Midnight": "0x969167",
  "byte$Spawn Dozer (Not Tested!)": "0x969187",
  "byte$Clear Wanted Level": "0x969135",
  "byte$Resolution values:": "0xBA6820",
  "unknown$Is HUD enabled by an opcode 0826:": "0xA444A0",
  "byte$Sandstorm": "0x96916A",
  "byte$Never get Hungry": "0x969174",
  "byte$People dropped off in taxi (number used for the stats, 4 bytes)": "0xB79078",
  "float$Gravity": "0x863984",
  "byte$Antialiasing values:": "0xBA6814"
}