{
    "buffalo":{
       "X":0.2,
       "Y":0.4
    },
    "stretch":{
       "X":0.15,
       "Y":0.5
    },
    "infernu":{
       "X":0.15,
       "Y":0.15
    },
    "cheetah":{
       "X":0.15,
       "Y":0.1
    },
    "banshee":{
       "X":0.15,
       "Y":0.4
    },
    "turismo":{
       "X":0.1,
       "Y":0.25
    },
    "comet":{
       "X":0.15,
       "Y":0.35
    },
    "supergt":{
       "Y":0.4,
       "X":0.16
    },
    "feltzer":{
       "X":0.15,
       "Y":0.3
    },
    "blade":{
       "X":0.17,
       "Y":0.75
    },
    "bullet":{
       "X":0.18,
       "Y":0.1
    },
    "windsor":{
       "Y":0.15,
       "X":0.17
    },
    "alpha":{
       "X":0.18,
       "Y":0.4
    }
 }