{
    "1"   : "TRUTH",
    "2"   : "MACCER",
    "3"   : "ANDRE",
    "4"   : "BBTHIN",
    "5"   : "BB",
    "6"   : "EMMET",
    "8"   : "JANITOR",
    "42"  : "JETHRO",
    "65"  : "KENDL",
    "119" : "SINDACO",
    "149" : "SMOKEV",
    "190" : "COPGRL1",
    "191" : "GUNGRL1",
    "192" : "MECGRL1",
    "193" : "NURGRL1",
    "194" : "CROGRL1",
    "195" : "GANGRL1",
    "208" : "SUZIE",
    "265" : "TENPEN",
    "266" : "PULASKI",
    "267" : "HERN",
    "268" : "DWAYNE",
    "269" : "SMOKE",
    "270" : "SWEET",
    "271" : "RYDER",
    "272" : "FORELLI",
    "273" : "TBONE",
    "289" : "ZERO",
    "290" : "ROSE",
    "291" : "PAUL",
    "292" : "CESAR",
    "293" : "OGLOC",
    "294" : "WUZIMU",
    "295" : "TORINO",
    "296" : "JIZZY",
    "297" : "MADDOGG",
    "298" : "CAT",
    "299" : "CLAUDE"
}