{
    "Model"   : "Name",

    "0"       : "CJ",
    "1"       : "TRUTH",
    "2"       : "MACCER",
    "3"       : "ANDRE",
    "4"       : "BBTHIN",
    "5"       : "BB",
    "6"       : "EMMET",
    "7"       : "MALE01",
    "8"       : "JANITOR",
    "9"       : "BFORI",
    "10"      : "BFOST",
    "11"      : "VBFYCRP",
    "12"      : "BFYRI",
    "13"      : "BFYST",
    "14"      : "BMORI",
    "15"      : "BMOST",
    "16"      : "BMYAP",
    "17"      : "BMYBU",
    "18"      : "BMYBE",
    "19"      : "BMYDJ",
    "20"      : "BMYRI",
    "21"      : "BMYCR",
    "22"      : "BMYST",
    "23"      : "WMYBMX",
    "24"      : "WBDYG1",
    "25"      : "WBDYG2",
    "26"      : "WMYBP",
    "27"      : "WMYCON",
    "28"      : "BMYDRUG",
    "29"      : "WMYDRUG",
    "30"      : "HMYDRUG",
    "31"      : "DWFOLC",
    "32"      : "DWMOLC1",
    "33"      : "DWMOLC2",
    "34"      : "DWMYLC1",
    "35"      : "HMOGAR",
    "36"      : "WMYGOL1",
    "37"      : "WMYGOL2",
    "38"      : "HFORI",
    "39"      : "HFOST",
    "40"      : "HFYRI",
    "41"      : "HFYST",
    "42"      : "JETHRO",
    "43"      : "HMORI",
    "44"      : "HMOST",
    "45"      : "HMYBE",
    "46"      : "HMYRI",
    "47"      : "HMYCR",
    "48"      : "HMYST",
    "49"      : "OMOKUNG",
    "50"      : "WMYMECH",
    "51"      : "BMYMOUN",
    "52"      : "WMYMOUN",
    "53"      : "OFORI",
    "54"      : "OFOST",
    "55"      : "OFYRI",
    "56"      : "OFYST",
    "57"      : "OMORI",
    "58"      : "OMOST",
    "59"      : "OMYRI",
    "60"      : "OMYST",
    "61"      : "WMYPLT",
    "62"      : "WMOPJ",
    "63"      : "BFYPRO",
    "64"      : "HFYPRO",
    "65"      : "KENDL",
    "66"      : "BMYPOL1",
    "67"      : "BMYPOL2",
    "68"      : "WMOPREA",
    "69"      : "SBFYST",
    "70"      : "WMOSCI",
    "71"      : "WMYSGRD",
    "72"      : "SWMYHP1",
    "73"      : "SWMYHP2",
    "75"      : "SWFOPRO",
    "76"      : "WFYSTEW",
    "77"      : "SWMOTR1",
    "78"      : "WMOTR1",
    "79"      : "BMOTR1",
    "80"      : "VBMYBOX",
    "81"      : "VWMYBOX",
    "82"      : "VHMYELV",
    "83"      : "VBMYELV",
    "84"      : "VIMYELV",
    "85"      : "VWFYPRO",
    "87"      : "VWFYST1",
    "88"      : "WFORI",
    "89"      : "WFOST",
    "90"      : "WFYJG",
    "91"      : "WFYRI",
    "92"      : "WFYRO",
    "93"      : "WFYST",
    "94"      : "WMORI",
    "95"      : "WMOST",
    "96"      : "WMYJG",
    "97"      : "WMYLG",
    "98"      : "WMYRI",
    "99"      : "WMYRO",
    "100"     : "WMYCR",
    "101"     : "WMYST",
    "102"     : "BALLAS1",
    "103"     : "BALLAS2",
    "104"     : "BALLAS3",
    "105"     : "FAM1",
    "106"     : "FAM2",
    "107"     : "FAM3",
    "108"     : "LSV1",
    "109"     : "LSV2",
    "110"     : "LSV3",
    "111"     : "MAFFA",
    "112"     : "MAFFB",
    "113"     : "MAFBOSS",
    "114"     : "VLA1",
    "115"     : "VLA2",
    "116"     : "VLA3",
    "117"     : "TRIADA",
    "118"     : "TRIADB",
    "119"     : "SINDACO",
    "120"     : "TRIBOSS",
    "121"     : "DNB1",
    "122"     : "DNB2",
    "123"     : "DNB3",
    "124"     : "VMAFF1",
    "125"     : "VMAFF2",
    "126"     : "VMAFF3",
    "127"     : "VMAFF4",
    "128"     : "DNMYLC",
    "129"     : "DNFOLC1",
    "130"     : "DNFOLC2",
    "131"     : "DNFYLC",
    "132"     : "DNMOLC1",
    "133"     : "DNMOLC2",
    "134"     : "SBMOTR2",
    "135"     : "SWMOTR2",
    "136"     : "SBMYTR3",
    "137"     : "SWMOTR3",
    "138"     : "WFYBE",
    "139"     : "BFYBE",
    "140"     : "HFYBE",
    "141"     : "SOFYBU",
    "142"     : "SBMYST",
    "143"     : "SBMYCR",
    "144"     : "BMYCG",
    "145"     : "WFYCRK",
    "146"     : "HMYCM",
    "147"     : "WMYBU",
    "148"     : "BFYBU",
    "149"     : "SMOKEV",
    "150"     : "WFYBU",
    "151"     : "DWFYLC1",
    "152"     : "WFYPRO",
    "153"     : "WMYCONB",
    "154"     : "WMYBE",
    "155"     : "WMYPIZZ",
    "156"     : "BMOBAR",
    "157"     : "CWFYHB",
    "158"     : "CWMOFR",
    "159"     : "CWMOHB1",
    "160"     : "CWMOHB2",
    "161"     : "CWMYFR",
    "162"     : "CWMYHB1",
    "163"     : "BMYBOUN",
    "164"     : "WMYBOUN",
    "165"     : "WMOMIB",
    "166"     : "BMYMIB",
    "167"     : "WMYBELL",
    "168"     : "BMOCHIL",
    "169"     : "SOFYRI",
    "170"     : "SOMYST",
    "171"     : "VWMYBJD",
    "172"     : "VWFYCRP",
    "173"     : "SFR1",
    "174"     : "SFR2",
    "175"     : "SFR3",
    "176"     : "BMYBAR",
    "177"     : "WMYBAR",
    "178"     : "WFYSEX",
    "179"     : "WMYAMMO",
    "180"     : "BMYTATT",
    "181"     : "VWMYCR",
    "182"     : "VBMOCD",
    "183"     : "VBMYCR",
    "184"     : "VHMYCR",
    "185"     : "SBMYRI",
    "186"     : "SOMYRI",
    "187"     : "SOMYBU",
    "188"     : "SWMYST",
    "189"     : "WMYVA",
    "190"     : "COPGRL1",
    "191"     : "GUNGRL3",
    "192"     : "MECGRL3",
    "193"     : "NURGRL3",
    "194"     : "CROGRL3",
    "195"     : "GANGRL1",
    "196"     : "CWFOFR",
    "197"     : "CWFOHB",
    "198"     : "CWFYFR1",
    "199"     : "CWFYFR2",
    "200"     : "CWMYHB2",
    "201"     : "DWFYLC2",
    "202"     : "DWMYLC2",
    "203"     : "OMYKARA",
    "204"     : "WMYKARA",
    "205"     : "WFYBURG",
    "206"     : "VWMYCD",
    "207"     : "VHFYPRO",
    "208"     : "SUZIE",
    "209"     : "OMONOOD",
    "210"     : "OMOBOAT",
    "211"     : "WFYCLOT",
    "212"     : "VWMOTR1",
    "213"     : "VWMOTR2",
    "214"     : "VWFYWAI",
    "215"     : "SBFORI",
    "216"     : "SWFYRI",
    "217"     : "WMYCLOT",
    "218"     : "SBFOST",
    "219"     : "SBFYRI",
    "220"     : "SBMOCD",
    "221"     : "SBMORI",
    "222"     : "SBMOST",
    "223"     : "SHMYCR",
    "224"     : "SOFORI",
    "225"     : "SOFOST",
    "226"     : "SOFYST",
    "227"     : "SOMOBU",
    "228"     : "SOMORI",
    "229"     : "SOMOST",
    "230"     : "SWMOTR5",
    "231"     : "SWFORI",
    "232"     : "SWFOST",
    "233"     : "SWFYST",
    "234"     : "SWMOCD",
    "235"     : "SWMORI",
    "236"     : "SWMOST",
    "237"     : "SHFYPRO",
    "238"     : "SBFYPRO",
    "239"     : "SWMOTR4",
    "240"     : "SWMYRI",
    "241"     : "SMYST",
    "242"     : "SMYST2",
    "243"     : "SFYPRO",
    "244"     : "VBFYST2",
    "245"     : "VBFYPRO",
    "246"     : "VHFYST3",
    "247"     : "BIKERA",
    "248"     : "BIKERB",
    "249"     : "BMYPIMP",
    "250"     : "SWMYCR",
    "251"     : "WFYLG",
    "252"     : "WMYVA2",
    "253"     : "BMOSEC",
    "254"     : "BIKDRUG",
    "255"     : "WMYCH",
    "256"     : "SBFYSTR",
    "257"     : "SWFYSTR",
    "258"     : "HECK1",
    "259"     : "HECK2",
    "260"     : "BMYCON",
    "261"     : "WMYCD1",
    "262"     : "BMOCD",
    "263"     : "VWFYWA2",
    "264"     : "WMOICE",
    "265"     : "TENPEN",
    "266"     : "PULASKI",
    "267"     : "HERN",
    "268"     : "DWAYNE",
    "269"     : "SMOKE",
    "270"     : "SWEET",
    "271"     : "RYDER",
    "272"     : "FORELLI",
    "273"     : "TBONE",
    "274"     : "LAEMT1",
    "275"     : "LVEMT1",
    "276"     : "SFEMT1",
    "277"     : "LAFD1",
    "278"     : "LVFD1",
    "279"     : "SFFD1",
    "280"     : "LAPD1",
    "281"     : "SFPD1",
    "282"     : "LVPD1",
    "283"     : "CSHER",
    "284"     : "LAPDM1",
    "285"     : "SWAT",
    "286"     : "FBI",
    "287"     : "ARMY",
    "288"     : "DSHER",
    "289"     : "ZERO",
    "290"     : "ROSE",
    "291"     : "PAUL",
    "292"     : "CESAR",
    "293"     : "OGLOC",
    "294"     : "WUZIMU",
    "295"     : "TORINO",
    "296"     : "JIZZY",
    "297"     : "MADDOGG",
    "298"     : "CAT",
    "299"     : "CLAUDE",

    "Note"    : "Last line should not have comma at the end"
}
