{
  "Default": {
    "FrameBorderSize": 0,
    "TabHovered": "0xccfa9642",
    "ButtonHovered": "0xfffa9642",
    "ButtonActive": "0xfffa870f",
    "ResizeGripActive": "0xf2fa9642",
    "ChildRounding": 1,
    "GrabRounding": 1,
    "WindowBorderSize": 0,
    "ResizeGripHovered": "0xabfa9642",
    "PlotLinesHovered": "0xff596eff",
    "DisplaySafeAreaPadding": "3 3",
    "TouchExtraPadding": "0 0",
    "TabRounding": 1,
    "TitleBgCollapsed": "0x82000000",
    "TitleBg": "0xff0a0a0a",
    "ResizeGrip": "0x40fa9642",
    "PopupRounding": 1,
    "IndentSpacing": 21,
    "HeaderHovered": "0xccfa9642",
    "PopupBorderSize": 0,
    "WindowTitleAlign": "0.5 0.5",
    "CheckMark": "0xfffa9642",
    "ScrollbarGrabHovered": "0xff696969",
    "HeaderActive": "0xfffa9642",
    "AntiAliasedFill": true,
    "BorderShadow": "0x00000000",
    "ScrollbarGrab": "0xff4f4f4f",
    "MouseCursorScale": 1,
    "AntiAliasedLines": true,
    "ItemSpacing": "8 4",
    "ChildBorderSize": 0,
    "ChildBg": "0x00000000",
    "PlotHistogram": "0xff00b3e6",
    "SliderGrabActive": "0xfffa9642",
    "ColorButtonPosition": 1,
    "MenuBarBg": "0xff242424",
    "ModalWindowDimBg": "0x8294592e",
    "SelectableTextAlign": "0 0",
    "TextDisabled": "0xff808080",
    "TabBorderSize": 0,
    "PlotHistogramHovered": "0xff0099ff",
    "PlotLines": "0xff9c9c9c",
    "TitleBgActive": "0xff7a4a29",
    "SliderGrab": "0xffe0853d",
    "TabUnfocused": "0xf8261a11",
    "TextSelectedBg": "0x59fa9642",
    "Font": "trebucbd.ttf",
    "ButtonTextAlign": "0.5 0.5",
    "Border": "0x80806e6e",
    "DisplayWindowPadding": "19 19",
    "PopupBg": "0xf0141414",
    "NavHighlight": "0xfffa9642",
    "DragDropTarget": "0xe600ffff",
    "FrameBg": "0x8a7a4a29",
    "GrabMinSize": 10,
    "Alpha": 1,
    "FramePadding": "4 3",
    "SeparatorActive": "0xffbf661a",
    "Button": "0xff7a4a29",
    "CurveTessellationTol": 1.25,
    "WindowMenuButtonPosition": 0,
    "ColumnsMinSpacing": 6,
    "Separator": "0xffad6933",
    "ScrollbarBg": "0x87050505",
    "WindowBg": "0xf00f0f0f",
    "WindowRounding": 1,
    "FrameRounding": 0,
    "ItemInnerSpacing": "4 4",
    "ScrollbarRounding": 1,
    "FrameBgActive": "0xabfa9642",
    "FrameBgHovered": "0x64fa9442",
    "WindowMinSize": "250 350",
    "NavWindowingHighlight": "0xb3ffffff",
    "ScrollbarGrabActive": "0xff828282",
    "NavWindowingDimBg": "0x33cccccc",
    "SeparatorHovered": "0xc7bf661a",
    "WindowPadding": "8 8",
    "TabActive": "0xffad6933",
    "Tab": "0xdc94592e",
    "Header": "0x00000000",
    "TabUnfocusedActive": "0xff6c4323",
    "ScrollbarSize": 12,
    "Text": "0xffffffff"
  },
  "Dark": {
    "FrameBorderSize": 0,
    "TabHovered": "0xff4a3b3d",
    "ButtonHovered": "0xff4a3b3d",
    "ButtonActive": "0xff3f3738",
    "ResizeGripActive": "0xff120d0f",
    "ChildRounding": 1,
    "GrabRounding": 1,
    "MenuBarBg": "0xff3f3738",
    "ResizeGripHovered": "0xff948f8f",
    "SliderGrab": "0x4fd4cccc",
    "DisplaySafeAreaPadding": "3 3",
    "TouchExtraPadding": "0 0",
    "TabRounding": 1,
    "TitleBgCollapsed": "0xbff2faff",
    "TitleBg": "0xff1f171a",
    "FrameRounding": 0,
    "PopupRounding": 1,
    "IndentSpacing": 25,
    "HeaderHovered": "0xff4a3b3d",
    "PopupBorderSize": 0,
    "WindowTitleAlign": "0.5 0.5",
    "CheckMark": "0x4fd4cccc",
    "ScrollbarGrabHovered": "0xff494445",
    "HeaderActive": "0xff3f3738",
    "AntiAliasedFill": true,
    "BorderShadow": "0x00e0e8eb",
    "ScrollbarGrab": "0xff3f3738",
    "MouseCursorScale": 1,
    "AntiAliasedLines": true,
    "ItemSpacing": "8 4",
    "ChildBorderSize": 0,
    "ChildBg": "0x00000000",
    "PlotHistogram": "0xff3f3738",
    "SliderGrabActive": "0xff120d0f",
    "ColorButtonPosition": 1,
    "DragDropTarget": "0xff3f3738",
    "ModalWindowDimBg": "0x82272023",
    "SelectableTextAlign": "0 0",
    "FrameBgHovered": "0xff4a3b3d",
    "TabBorderSize": 0,
    "ScrollbarSize": 12,
    "PlotLines": "0xa1616366",
    "TitleBgActive": "0xff3f3738",
    "NavWindowingHighlight": "0xb3ffffff",
    "ScrollbarGrabActive": "0xff3f3738",
    "GrabMinSize": 10,
    "Font": "trebucbd.ttf",
    "TextSelectedBg": "0xff3f3738",
    "PlotHistogramHovered": "0xff3f3738",
    "DisplayWindowPadding": "19 19",
    "PlotLinesHovered": "0xff4a3b3d",
    "NavHighlight": "0xff3f3738",
    "SeparatorHovered": "0xff4a3b3d",
    "TabUnfocused": "0xf8261a11",
    "TabActive": "0xff3f3738",
    "Tab": "0xff272023",
    "FramePadding": "4 3",
    "SeparatorActive": "0xff120d0f",
    "ResizeGrip": "0x00000000",
    "CurveTessellationTol": 1.25,
    "WindowBorderSize": 0,
    "WindowMinSize": "250 350",
    "Separator": "0x80806e6e",
    "ScrollbarBg": "0xff272023",
    "FrameBgActive": "0x645c5657",
    "ScrollbarRounding": 1,
    "ItemInnerSpacing": "4 4",
    "WindowPadding": "8 8",
    "WindowRounding": 2,
    "WindowBg": "0xff120d0f",
    "ColumnsMinSpacing": 6,
    "WindowMenuButtonPosition": 0,
    "Button": "0xff272023",
    "Alpha": 1,
    "NavWindowingDimBg": "0x33cccccc",
    "FrameBg": "0xff1f171a",
    "PopupBg": "0xff171212",
    "Border": "0xe0d4cccc",
    "ButtonTextAlign": "0.5 0.5",
    "Header": "0x00272023",
    "TabUnfocusedActive": "0xff6c4323",
    "TextDisabled": "0xff4a3b3d",
    "Text": "0xffd4cccc"
  },
  "Light": {
    "FrameBorderSize": 0,
    "TabHovered": "0xffc8c8c8",
    "ButtonHovered": "0xffc8c8c8",
    "ButtonActive": "0xffc8c8c8",
    "ResizeGripActive": "0xffc8c8c8",
    "ChildRounding": 1,
    "GrabRounding": 1,
    "MenuBarBg": "0xffdbdbdb",
    "ResizeGripHovered": "0xffc8c8c8",
    "SliderGrab": "0xff7d7d7d",
    "DisplaySafeAreaPadding": "3 3",
    "TouchExtraPadding": "0 0",
    "TabRounding": 1,
    "TitleBgCollapsed": "0x82ffffff",
    "TitleBg": "0xfff1f1f1",
    "FrameRounding": 0,
    "PopupRounding": 1,
    "IndentSpacing": 21,
    "HeaderHovered": "0xffc8c8c8",
    "PopupBorderSize": 0,
    "WindowTitleAlign": "0.5 0.5",
    "CheckMark": "0xff7d7d7d",
    "ScrollbarGrabHovered": "0xcc7d7d7d",
    "HeaderActive": "0xffc8c8c8",
    "AntiAliasedFill": true,
    "BorderShadow": "0x00000000",
    "ScrollbarGrab": "0xccb0b0b0",
    "MouseCursorScale": 1,
    "AntiAliasedLines": true,
    "ItemSpacing": "8 4",
    "ChildBorderSize": 0,
    "ChildBg": "0x00000000",
    "PlotHistogram": "0xff00b3e6",
    "SliderGrabActive": "0x99cc8a75",
    "ColorButtonPosition": 1,
    "DragDropTarget": "0xf2fa9642",
    "ModalWindowDimBg": "0x82dedede",
    "SelectableTextAlign": "0 0",
    "FrameBgHovered": "0xffc8c8c8",
    "TabBorderSize": 0,
    "ScrollbarSize": 12,
    "PlotLines": "0xff636363",
    "TitleBgActive": "0xffdedede",
    "NavWindowingHighlight": "0xb3b3b3b3",
    "ScrollbarGrabActive": "0xff7d7d7d",
    "GrabMinSize": 10,
    "Font": "trebucbd.ttf",
    "TextSelectedBg": "0xffb3b3b3",
    "PlotHistogramHovered": "0xff0073ff",
    "DisplayWindowPadding": "19 19",
    "PlotLinesHovered": "0xff596eff",
    "NavHighlight": "0xccfa9642",
    "SeparatorHovered": "0xffc8c8c8",
    "TabUnfocused": "0xfbeeeceb",
    "TabActive": "0xffc8c8c8",
    "Tab": "0xffdedede",
    "FramePadding": "4 3",
    "SeparatorActive": "0xffc8c8c8",
    "ResizeGrip": "0x8fcccccc",
    "CurveTessellationTol": 1.25,
    "WindowBorderSize": 0,
    "WindowMinSize": "250 350",
    "Separator": "0xffdedede",
    "ScrollbarBg": "0xffdbdbdb",
    "FrameBgActive": "0x64c8c8c8",
    "ScrollbarRounding": 1,
    "ItemInnerSpacing": "4 4",
    "WindowPadding": "8 8",
    "WindowRounding": 1,
    "WindowBg": "0xfff0f0f0",
    "ColumnsMinSpacing": 6,
    "WindowMenuButtonPosition": 0,
    "Button": "0xffdedede",
    "Alpha": 1,
    "NavWindowingDimBg": "0x33333333",
    "FrameBg": "0xffdedede",
    "PopupBg": "0xfaffffff",
    "Border": "0x4d000000",
    "ButtonTextAlign": "0.5 0.5",
    "Header": "0xfff0f0f0",
    "TabUnfocusedActive": "0xffe9d1bd",
    "TextDisabled": "0xff999999",
    "Text": "0xff000000"
  },
  "Classic": {
    "FrameBorderSize": 0,
    "TabHovered": "0xcce67373",
    "ButtonHovered": "0xcce67373",
    "ButtonActive": "0xd7b96767",
    "ResizeGripActive": "0xe6ffd1c7",
    "ChildRounding": 0,
    "GrabRounding": 0,
    "MenuBarBg": "0xcc8c6666",
    "ResizeGripHovered": "0x99ffd1c7",
    "SliderGrab": "0x4dffffff",
    "DisplaySafeAreaPadding": "3 3",
    "TouchExtraPadding": "0 0",
    "TabRounding": 3,
    "TitleBgCollapsed": "0x33cc6666",
    "TitleBg": "0xff8a4545",
    "FrameRounding": 0,
    "PopupRounding": 3,
    "IndentSpacing": 21,
    "HeaderHovered": "0xcce67373",
    "PopupBorderSize": 0,
    "WindowTitleAlign": "0.5 0.5",
    "CheckMark": "0x80e6e6e6",
    "ScrollbarGrabHovered": "0x66cc6666",
    "HeaderActive": "0xccde8787",
    "AntiAliasedFill": true,
    "BorderShadow": "0x00000000",
    "ScrollbarGrab": "0x4dcc6666",
    "MouseCursorScale": 1,
    "AntiAliasedLines": true,
    "ItemSpacing": "8 4",
    "ChildBorderSize": 0,
    "ChildBg": "0x00000000",
    "PlotHistogram": "0xff00b3e6",
    "SliderGrabActive": "0x99cc6369",
    "ColorButtonPosition": 1,
    "DragDropTarget": "0xe600ffff",
    "ModalWindowDimBg": "0x82ae5656",
    "SelectableTextAlign": "0 0",
    "FrameBgHovered": "0x66b07878",
    "TabBorderSize": 0,
    "ScrollbarSize": 12,
    "PlotLines": "0xffffffff",
    "TitleBgActive": "0xffa15252",
    "NavWindowingHighlight": "0xb3ffffff",
    "ScrollbarGrabActive": "0x99cc6369",
    "GrabMinSize": 10,
    "Font": "trebucbd.ttf",
    "TextSelectedBg": "0x59ff0000",
    "PlotHistogramHovered": "0xff0099ff",
    "DisplayWindowPadding": "19 19",
    "PlotLinesHovered": "0xff00b3e6",
    "NavHighlight": "0xcce67373",
    "SeparatorHovered": "0xffb39999",
    "TabUnfocused": "0xd1914848",
    "TabActive": "0xd7b96767",
    "Tab": "0xc8ae5656",
    "FramePadding": "4 3",
    "SeparatorActive": "0xffe6b3b3",
    "ResizeGrip": "0x29ffffff",
    "CurveTessellationTol": 1.25,
    "WindowBorderSize": 0,
    "WindowMinSize": "250 350",
    "Separator": "0x99808080",
    "ScrollbarBg": "0x994d4033",
    "FrameBgActive": "0x64a3696a",
    "ScrollbarRounding": 3,
    "ItemInnerSpacing": "4 4",
    "WindowPadding": "8 8",
    "WindowRounding": 3,
    "WindowBg": "0xd2000000",
    "ColumnsMinSpacing": 6,
    "WindowMenuButtonPosition": 0,
    "Button": "0xdea15252",
    "Alpha": 1,
    "NavWindowingDimBg": "0x33cccccc",
    "FrameBg": "0x636e6e6e",
    "PopupBg": "0xff241c1c",
    "Border": "0x80808080",
    "ButtonTextAlign": "0.5 0.5",
    "Header": "0x00a25a5a",
    "TabUnfocusedActive": "0xd5a65959",
    "TextDisabled": "0xff999999",
    "Text": "0xffe6e6e6"
  }
}