{
	"0"       : "Unarmed",
    "1"       : "Brass knuckles",
	"2"       : "Golf club",
	"3"       : "Night stick",
	"4"       : "Knife",
	"5"       : "Baseball bat",
	"6"       : "Shovel",
	"7"       : "Poolcue",
	"8"       : "Katana",
	"9"       : "Chainsaw",
    "10"      : "Purple dildo",
	"11"      : "White dildo",
	"12"      : "White vibrator",
	"13"      : "Silver vibrator",
	"14"      : "Flowers",
	"15"      : "Cane",
	"16"      : "Grenade",
	"17"      : "Teargas",
	"18"      : "Molotov",
	"22"      : "Colt45",
	"23"      : "Silenced",
	"24"      : "Desert eagle",
	"25"      : "Shotgun",
	"26"      : "Sawn off shotgun",
	"27"      : "Combat shotgun",
	"28"      : "Uzi",
	"29"      : "Mp5",
	"30"      : "Ak47",
	"31"      : "M4",
	"32"      : "Tec9",
	"33"      : "Rifle",
	"34"      : "Sniper rifle",
	"35"      : "Rocket launcher",
	"36"      : "Heat seeker",
	"37"      : "Flame thrower",
	"38"      : "Minigun",
	"39"      : "Satchel charge",
	"40"      : "Detonator",
	"41"      : "Spraycan",
	"42"      : "Fire extinguisher",
	"43"      : "Camera",
	"44"      : "Night vision",
	"45"      : "Thermal vision", 
    "46"      : "Parachute"
}