{"main":{"clist":0,"tar":"tag","widehud":350,"nclear":false,"tarb":false,"clistb":false,"spzamen":false,"nwanted":false,"group":"unknown","posY_purshed":700,"tchat":false,"posX_purshed":1500,"hud":false,"offwntd":false,"parolb":false,"male":true,"chatcolor":false,"megaf":true,"googlecode":"","googlecodeb":false,"posX":1566,"autocar":false,"autobp":false,"posY":916,"parol":"password","offptrl":false,"clear":false,"strobs":true},"commands":{"kmdctime":true,"cput":true,"deject":true,"ticket":true,"ftazer":true,"zaderjka":1400,"ceject":true},"autobp":{"deagle":true,"m4":true,"armour":true,"dvadeagle":true,"shot":true,"spec":true,"rifle":true,"dvasmg":true,"dvam4":true,"dvashot":true,"dvarifle":true,"smg":true}}