{"wanted":{"v":[18,82]},"oopda":{"v":[123]},"uncuffkey":{"v":{}},"summakey":{"v":[76]},"traffic_stop_off":{"v":[18,79]},"freebankkey":{"v":[85]},"dejectkey":{"v":{}},"followkey":{"v":{}},"tazerkey":{"v":[88]},"arrestkey":{"v":{}},"takekey":{"v":{}},"fastmenukey":{"v":[113]},"hikey":{"v":[73]},"vzaimkey":{"v":[90]},"oopnet":{"v":[122]},"cejectkey":{"v":{}},"megafkey":{"v":[18,77]},"coordination":{"v":[67]},"freenalkey":{"v":[89]},"dkldkey":{"v":[18,80]},"cuffkey":{"v":{}},"sirenkey":{"v":[72]},"demand_stop":{"v":[18,77]},"cputkey":{"v":{}},"traffic_stop_on":{"v":[18,84]},"stopped":{"v":[75]}}